original_name,original_city,original_state,record_status,verification_confidence,verification_source,notes
Cedar Fork Municipal Campground,Grand Haven,MI,fabricated,high,Google Maps,"No campground with the name 'Cedar Fork Municipal Campground' was found in or near Grand Haven, MI. The name appears to be fabricated, following a common pattern of synthetic data."
Aspen Bend Campground,,,fabricated,high,Google Maps,"No official or reputable sources confirm the existence of a campground with this name in or near Traverse City, MI. The name follows a pattern of fabricated campground names."
Aspen Creek Campground,,,fabricated,high,"Michigan DNR, Recreation.gov",The campground could not be found on the Michigan DNR website or Recreation.gov. The name follows a pattern of fabricated campgrounds (Adjective + Nature Word + Camp Type).
Aspen Knob Camping Resort,,,fabricated,high,Google Maps,The campground name follows a suspicious pattern and could not be found on any authoritative source. It is likely a fabricated record.
Aspen Shore Campground,,,fabricated,high,Google Maps,"No evidence of a campground with this name exists in or near Cadillac, MI. The name follows a pattern of fabricated campground names (e.g., Adjective + Nature Word + Camp Type)."
Beech Cove Lakeside Camp,,,fabricated,high,Google Maps,"The campground name follows a suspicious pattern and could not be found in any authoritative or secondary sources. The most similar result, Birch Cove, is in Oklahoma. It is highly likely that this is a fabricated record."
Beech Falls County Park,,,fabricated,high,Google Maps,"No evidence of a campground with this name exists in or near Wellston, MI. The name follows a pattern of fabricated campgrounds. A 'Beech Bluff County Park' exists in North Carolina, and a 'Beech Woods Park' in Southfield, MI, but neither is a state park campground in Wellston."
Beech Ravine Wilderness Camp,,,fabricated,high,Michigan DNR,"The campground name appears to be fabricated, following a pattern of similar fabricated names. No official record of this campground exists. A search for state parks near Grayling, MI, suggests a possible confusion with Wilderness State Park, although it is located in Carp Lake, MI, not Grayling."
Birch Bay Riverside Camp,,,fabricated,high,Michigan DNR,"The campground ""Birch Bay Riverside Camp"" was not found on the official Michigan DNR website or through general web searches. The name follows a pattern of fabricated campground names. A real campground named ""Van Etten Lake State Forest Campground"" exists in Oscoda, MI."
Birch Bend Municipal Campground,,,fabricated,high,Google Search,"Searches on Google, and specific campground directories (Recreation.gov, Reserve America, Hipcamp) provided no evidence of a campground with this name in or near Traverse City, MI. The name follows a pattern of synthetically generated names."
Birch Cove Nature Preserve Camp,,,fabricated,high,Google Maps,"The campground ""Birch Cove Nature Preserve Camp"" does not appear to exist. It is likely a fabricated name. There is, however, a very popular and well-known ""Ludington State Park"" in the same city, which is what this record likely intended to be."
Birch Meadow Lakeside Camp,,,fabricated,high,Google Maps,The campground name follows a suspicious pattern and could not be found in any authoritative or reputable sources. It is likely a fabricated record.
Birch Pass Campground,,,fabricated,high,Michigan DNR,"The campground name follows a suspicious pattern and could not be found on the official Michigan DNR website or through general web searches, indicating it is likely fabricated."
Birch Summit Campground,,,fabricated,high,"Michigan DNR, Google Maps","No evidence of a campground with this name exists in or near Houghton, MI. The name follows a pattern of fabricated campground names. No listings appear on official state websites or reputable campground directories."
Cedar Bend Lakeside Camp,,,fabricated,high,Michigan DNR,"The campground ""Cedar Bend Lakeside Camp"" does not appear to exist. Searches for this name yielded no results. There is a state park in Traverse City called Keith J. Charters Traverse City State Park, but it does not contain a campground with this name. The name follows a pattern of fabricated campground names."
Cedar Branch Lakeside Camp,,,fabricated,high,Google Maps,"The campground 'Cedar Branch Lakeside Camp' could not be found in or near Traverse City, MI, through multiple online searches of authoritative sources and campground directories. The name follows a pattern often seen in fabricated data, and there is no evidence of its existence."
Cedar Cliff Lakeside Camp,,,fabricated,high,Michigan DNR,"No evidence of a campground with this name exists on any official state websites or reputable campground directories. The name follows a pattern of fabricated campground names. There is a prominent state park in the same city called William Mitchell State Park, but no connection to the provided name could be established."
Cedar Creek Campground,,,fabricated,high,Michigan DNR,"The campground name ""Cedar Creek Campground"" in Grayling, MI does not appear in any official Michigan DNR or other reputable campground directory searches. A campground with a similar name exists in Manton, MI, but not in Grayling. The name also follows a pattern of fabricated campground names."
Cedar Falls Campground,,,fabricated,high,Michigan DNR,No campground with this name was found on the Michigan DNR website or Recreation.gov. The name follows a common pattern for fabricated records.
Cedar Knob Nature Preserve Camp,,,fabricated,high,Google Maps,"The campground name follows a suspicious pattern of fabricated names (Adjective + Nature Word + Camp Type), and no evidence of its existence could be found in authoritative sources after a thorough search."
Cedar Meadow Riverside Camp,,,fabricated,high,Google Maps,"The campground name follows a pattern of synthetically generated names (Adjective + Nature Word + Camp Type). No evidence of a campground with this name could be found on any official state websites, federal recreation sites, or major campground directories."
Cedar Ravine Campground,,,fabricated,high,Google Maps,"The campground name follows a suspicious pattern and could not be found on any authoritative sources, including the Michigan DNR website and various campground directories. It is likely a fabricated record."
Cedar Ridge Campground,,,fabricated,high,Michigan DNR,"No official records exist for a 'Cedar Ridge Campground' in or near Traverse City, MI. The actual state park in Traverse City is the 'Keith J. Charters Traverse City State Park'. The original name appears to be fabricated."
Crystal Bay Campground,,,fabricated,high,Google Maps,"No evidence of a campground with this name exists in or near Petoskey, MI. The name follows a pattern of fabricated campground names."
Crystal Cove Campground,,,fabricated,high,Google Maps,"The campground 'Crystal Cove Campground' in Traverse City, MI could not be found in any authoritative source. There is a 'Crystal Cove State Park' in California, and a 'Paradise Cove Campground' (private) in Traverse City, but no evidence of a 'Crystal Cove Campground' state park in Michigan. The record is likely a fabrication."
Crystal Pass Campground,,,fabricated,high,Michigan DNR,"The campground name follows a suspicious pattern and could not be found on the official Michigan DNR website or through general web searches, indicating it is likely a fabricated entry."
Crystal Shore Campground,,,fabricated,high,Google Maps,"The campground name appears to be fabricated, following a generic pattern. No results were found on any authoritative source, and other similarly named campgrounds are in different locations."
East Branch Family Campground,,,fabricated,high,Michigan DNR,"No campground with this name was found on the Michigan DNR website or any other reputable source. The name follows a pattern of fabricated campground names. There are several other campgrounds located in and around Oscoda, MI, particularly along the Au Sable River, but none with this name."
East Creek State Park,,,fabricated,high,State of Michigan,"No evidence of a campground named 'East Creek State Park' exists in or near Grayling, MI on any authoritative sources. The prominent state park in Grayling is Hartwick Pines State Park. The name 'East Creek State Park' follows a common pattern for fabricated records."
Elm Bay Campground,,,fabricated,high,Google Maps,The campground name follows a suspicious pattern and could not be found in any authoritative sources or campground directories after a thorough search. It is highly likely a fabricated record.
Elm Bluff Campground,,,fabricated,high,Recreation.gov,"A campground named Elm Bluff Campground exists, but it is located in Alabama, not Michigan. No campground with this name was found in or near Oscoda, MI."
Elm Hollow Lakeside Camp,,,fabricated,high,Google Maps,"The campground name follows a suspicious pattern and could not be found in any authoritative or reputable sources. Multiple other campgrounds exist in the specified area, but none with a similar name."
Emerald Bay Campground,,,fabricated,high,Google Maps,"No evidence of a campground with this name exists in or near Traverse City, MI. Search results consistently point to Emerald Bay State Park in California. The name fits a pattern of fabricated campground names."
Emerald Bluff Campground,,,fabricated,high,Google Maps,"The campground name follows a pattern of fabricated names (""Adjective + Nature Word + Camp Type"") and could not be found in any authoritative or reputable sources. Several other real campgrounds exist in the Petoskey area, but none with this name."
Emerald Creek Campground,,,fabricated,high,US Forest Service,"A campground with this name exists in Idaho, but there is no evidence of a campground with this name in or near Houghton, MI. The name also fits a pattern of synthetically generated names."
Emerald Falls Campground,,,fabricated,high,Multiple search engines,"No evidence of a campground with this name was found on any authoritative sources (Michigan DNR, Recreation.gov) or through general web searches. The name follows a pattern often seen in fabricated data."
Emerald Knob Campground,,,fabricated,high,Google Maps,The campground name follows a suspicious pattern and no evidence of its existence could be found in authoritative sources. A similar sounding 'Big Knob State Forest Campground' exists in a different part of Michigan.
Emerald Ravine Campground,,,fabricated,high,Michigan DNR,The campground name follows a suspicious pattern and could not be found on the official Michigan DNR website or through general web searches. This suggests the record is likely fabricated.
Hemlock Bay Campground,,,fabricated,high,Michigan DNR,"The campground name ""Hemlock Bay Campground"" appears to be fabricated. Ludington State Park exists, but contains three campgrounds named Pines, Cedar, and Beechwood, plus Jack Pine hike-in sites. There is no ""Hemlock Bay"" campground within the park."
Hemlock Dune Campground,,,duplicate,high,Michigan DNR,Duplicate of already-verified Muskegon State Park
Hidden Bay Campground,,,fabricated,high,Michigan DNR,"No evidence found for a 'Hidden Bay Campground'. The name appears to be fabricated, likely referring to the real Petoskey State Park, which is located in Petoskey on Little Traverse Bay."
Hidden Creek Campground,,,out_of_scope,high,hiddencreekcampground.com,Real campground but outside Great Lakes 5-state scope (state: IN)
Hickory Bend Campground,,,fabricated,high,Google Maps,"No evidence of a campground with this name exists in or near Traverse City, MI. The name follows a pattern of fabricated campground names."
Hickory Creek Campground,,,fabricated,high,Michigan DNR,"No evidence of a campground with this name exists in or near Cadillac, MI, on any authoritative sources like the Michigan DNR or Recreation.gov. There are Hickory Creek campgrounds in other states (TX, AR), and a Hickory Creek Park in a different county in Michigan (Berrien), but no state park campground as described. The name follows a common pattern for fabricated data."
Hickory Falls Campground,,,fabricated,high,Michigan DNR,"The campground name follows a suspicious pattern and could not be found on the official Michigan DNR website or through general web searches, indicating it is likely fabricated."
Laurel Bay Campground,,,duplicate,high,Michigan DNR,Duplicate of already-verified Keith J. Charters Traverse City State Park
Laurel Cliff Lakeside Camp,Empire,MI,fabricated,high,Google Maps,The campground name follows a suspicious pattern (Adjective + Nature Word + Camp Type) and no evidence of its existence could be found on any authoritative source or campground directory. It is likely a fabricated record.
Little Cove Campground,Grayling,MI,fabricated,high,Google Maps,"No evidence of a campground with this name exists in or near Grayling, MI. The name follows a pattern of fabricated campground names. A ""Little Cove Resort"" exists in Gould City, MI, but this is a separate entity in a different part of the state."
Oak Pass Campground,Mt. Pleasant,MI,fabricated,high,Google Maps,"No campground with this name was found in or near Mt. Pleasant, MI, on any authoritative source, including the Michigan DNR website and Google Maps. The name follows a pattern often seen in fabricated records."
Pine Canyon State Park,Alpena,MI,fabricated,high,Web search,"The campground name follows a suspicious naming pattern. Searches on government and public websites for 'Pine Canyon State Park' near Alpena, MI, yielded no results for a park with this name, indicating it is likely a fabricated record."
Shady Pass Family Campground,Ludington,MI,duplicate,high,Michigan DNR,Duplicate of already-verified Ludington State Park
South Island Municipal Campground,Newberry,MI,fabricated,high,Google Maps,"The campground name appears to be a fabrication. Search results show no evidence of a campground with this name in or near Newberry, MI. The name combines elements of real places (South Manitou Island) but does not correspond to a real campground."
Sunny Beach Wildlife Area Camp,Cadillac,MI,fabricated,high,Google Maps,The campground name follows a suspicious pattern and no evidence of its existence could be found in any authoritative or reputable source. It is likely a fabricated record.
Upper Stone Wildlife Area Camp,Roscommon,MI,fabricated,high,Michigan DNR,"The campground name appears to be fabricated. There is no official record of a campground, wildlife area, or state park with this name on the Michigan DNR website or other authoritative sources. The name follows a pattern of synthetically generated campground names."
Birch Falls Wilderness Camp,Washington Court House,OH,fabricated,high,Ohio Department of Natural Resources,The campground name follows a suspicious pattern and could not be found on the Ohio DNR website or through general web searches. It is likely a fabricated record.
Cedar Bluff Municipal Campground,Washington Court House,OH,fabricated,high,Google Maps,The name follows a suspicious pattern (Adjective + Nature Word + Camp Type) and no evidence of its existence could be found in or near the specified location after a thorough search of multiple sources.
Hemlock Timber Recreation Area,Oregon,OH,duplicate,high,Ohio DNR,Duplicate of already-verified Maumee Bay State Park
Hickory Glen Camp,Mentor,OH,fabricated,high,camphickoryglen.com,"A search for 'Hickory Glen Camp' revealed a real campground with this name, but it is located in Western Massachusetts, not Mentor, Ohio. There is no evidence of a 'Hickory Glen Camp' in or near Mentor, OH. The name also follows a pattern of synthetically generated campground names."
Laurel Field Lakeside Camp,Mansfield,OH,fabricated,high,Google Maps,"The campground name follows a suspicious pattern and could not be found in any authoritative or reputable sources. Several other 'Laurel Lake' and 'Lakeside' campgrounds exist in Ohio, but none match the provided name and location."
Lower Ravine Camp,Hebron,OH,fabricated,high,"Ohio DNR, Recreation.gov","The campground was not found on the Ohio DNR website, Recreation.gov, or in general web searches. The name follows a pattern of fabricated campgrounds, leading to the conclusion that it is not a real place."
Oak Knob Camping Resort,Bethel,OH,fabricated,high,Multiple search engines,"No evidence of a campground with this name exists in or near Bethel, OH. The name follows a pattern of synthetically generated campground names. Similar names like 'Oak Hill' and 'Pine Knob' exist in Ohio but in different locations."
Old Glen Family Campground,Mount Sterling,OH,fabricated,high,Google Maps,"The campground name follows a suspicious, generic pattern and could not be found in any authoritative or reputable campground directories for the specified location. It is highly likely a fabricated record."
Silver Shore Campground,Chillicothe,OH,fabricated,high,"Stow Parks & Rec, Ohio DNR","No evidence of a ""Silver Shore Campground"" exists in or near Chillicothe, OH. A similarly named ""Silver Springs Campground"" exists in Stow, OH, but is unrelated. The name follows a suspicious pattern, and no authoritative sources confirm its existence."
Spruce River Family Campground,Waynesville,OH,fabricated,high,Google Maps,"The campground name 'Spruce River Family Campground' appears to be fabricated, following a common pattern of synthetic names. The prominent, actual state park in Waynesville, OH is Caesar Creek State Park."
Spruce Stone Camp,Logan,OH,fabricated,high,Google Maps,The campground name follows a suspicious pattern and no evidence of its existence could be found in authoritative sources. It is likely a fabricated record.
Walnut Hollow Family Campground,Wooster,OH,fabricated,high,Google Maps,"The campground name follows a suspicious pattern and could not be found in any authoritative or reputable sources. Several other campgrounds with similar names exist in Ohio, but none match the provided name and location."
Whispering Rock Wildlife Area Camp,Hebron,OH,fabricated,high,Google Maps,"The campground name follows a suspicious pattern and could not be found in any authoritative or reputable sources. Search results show other 'Whispering' named locations in Ohio, but none match the name and location provided."
Crystal Swamp Wilderness Camp,Cadillac,MI,fabricated,high,Michigan DNR,"The campground name follows a suspicious pattern and could not be found on the official Michigan DNR website or through general web searches, indicating it is likely fabricated."
Hickory Woods Recreation Area,Mio,MI,fabricated,high,Google Maps,"The campground name follows a suspicious pattern and no evidence of its existence could be found in or near Mio, MI from any authoritative source. Several other 'Hickory Woods' parks exist in Michigan, but none are state parks or located in Mio."
Marsh Wilderness Camp,Indian River,MI,fabricated,high,Google Maps,The campground name follows a suspicious pattern and no evidence of its existence could be found on any authoritative source or reputable campground directory. It is highly likely a fabricated record.
Upper Falls Campground,Holland,MI,fabricated,high,Michigan DNR,"The campground name 'Upper Falls' is associated with Tahquamenon Falls State Park in the Upper Peninsula, while the specified city, Holland, is in the Lower Peninsula. No campground named 'Upper Falls Campground' exists in or near Holland. The record appears to be a fabrication combining two distinct Michigan locations."
Beech Bluff Camping Resort,Sandusky,OH,fabricated,high,Google Maps,"The campground name appears to be fabricated. There is no evidence of a 'Beech Bluff Camping Resort' in or near Sandusky, OH on any authoritative source. The name follows a pattern of synthetically generated campground names."
Birch Branch Family Campground,Ashland,OH,fabricated,high,Google Maps,"The campground name and location combination could not be verified through any authoritative source. Search results indicate a similarly named campground, 'Birch Branch Campground', exists but is located in Cherokee National Forest, Tennessee, not Ohio. The provided name follows a pattern often seen in fabricated data."
Cedar Peak County Park,Ashland,OH,fabricated,high,Ashland County Park District,The campground name is not listed on the official Ashland County Park District website. The name also follows a pattern of fabricated campground names.
Hickory Cove Riverside Camp,Hillsboro,OH,fabricated,high,Google Maps,"The campground name follows a suspicious pattern and could not be found in any authoritative source. A similar-sounding 'Hickory Grove Lake RV Park' exists in Marion, OH, but no 'Hickory Cove Riverside Camp' was found in or near Hillsboro."
Hidden Brook Camping Resort,Chillicothe,OH,fabricated,high,Multiple search results,The campground name follows a suspicious pattern and no evidence of its existence could be found in any authoritative or reputable source. It is highly likely a fabricated record.
Silver Grove Riverside Camp,Glouster,OH,fabricated,high,"Ohio DNR, Google Maps","No campground with this name was found on the Ohio DNR website, Reserve Ohio, or any other major campground directory. The name follows a pattern of fabricated campgrounds (Adjective + Nature Word + Camp Type). There is no evidence that this campground exists."
Willow Swamp State Park,Frazeysburg,OH,fabricated,high,Ohio State Parks,The campground could not be found on the official Ohio State Parks reservation website or through general web searches. The name follows a pattern of fabricated campground names.
Beech Branch County Park,Ionia,MI,fabricated,high,Ionia County Parks & Recreation,"The campground ""Beech Branch County Park"" was not found on the Ionia County Parks & Recreation website, the Michigan DNR website, or in general web searches. Ionia County's official website lists only two county parks: Bertha Brock Park and Green View Point Park. The name also follows a pattern of fabricated campgrounds."
Emerald Bay Nature Preserve Camp,Big Rapids,MI,fabricated,high,Google Maps,"The campground name follows a suspicious pattern and no evidence of its existence could be found in authoritative sources. A camp named 'Camp Emerald Bay' exists, but it is in California, not Michigan."
West Falls Camp,Harrisville,MI,duplicate,high,Michigan DNR,Duplicate of already-verified Harrisville State Park
Walnut Boulder Campground,Ontonagon,MI,fabricated,high,"Google Search, Michigan DNR","The campground name ""Walnut Boulder Campground"" appears to be fabricated, following a pattern of ""Adjective + Nature Word + Camp Type"". No results were found for this campground on any authoritative or reputable sources."
Hickory Lake Nature Preserve Camp,Interlochen,MI,fabricated,high,Google Maps,"The campground name follows a pattern of fabricated records (Adjective + Nature Word + Camp Type) and no evidence of its existence could be found through web searches. A similarly named 'Hickory Lake Campground' exists in Perry, MI, but is unrelated."
Little Dune KOA,Harrisville,MI,fabricated,high,KOA.com,"No campground with this name was found in or near Harrisville, MI on the official KOA website or in other search results. The name appears to be fabricated."
North Ledge Camping Resort,Interlochen,MI,fabricated,high,Google Maps,"The campground name appears to be fabricated. No campground with this name was found in or near Interlochen, MI, on any authoritative source or campground directory. The name follows a pattern of synthetically generated names."
Oak Spring Outdoor Resort,Harrisville,MI,fabricated,high,Google Maps,The campground name follows a suspicious pattern and could not be found in any authoritative or reputable sources. Other campgrounds with similar names exist in different locations.
Cherry Shore KOA,Nelsonville,OH,fabricated,high,KOA.com,The campground could not be found on the official KOA website or through general web searches. The name follows a pattern of fabricated campgrounds.
Hickory Hollow KOA,Wooster,OH,fabricated,high,Google Maps,"The campground 'Hickory Hollow KOA' in Wooster, OH could not be found. The name appears to be a fabrication, possibly confusing 'Hickory Lakes Campground' in nearby West Salem, OH, or 'Hickory Hollow Campground' in Pennsylvania."
Oak Bluff Wilderness Camp,Geneva,OH,fabricated,high,Google Maps,"The campground name 'Oak Bluff Wilderness Camp' appears to be fabricated. There is a real state park in Geneva, OH called Geneva State Park, which has a campground. The provided coordinates are for Geneva State Park."
Pine Gap Outdoor Resort,Glouster,OH,duplicate,high,Ohio Department of Natural Resources,Duplicate of already-verified Burr Oak State Park
Elm Cove RV Park,Ionia,MI,fabricated,high,Google Maps,"The campground name appears to be fabricated, following a common pattern for synthetic data. No campground with this name could be found in or near Ionia, MI through web searches of campground directories and maps."
Elm Gap KOA,Iron Mountain,MI,fabricated,high,KOA.com,"The official KOA website has no record of a campground named ""Elm Gap KOA"" in or near Iron Mountain, MI. No other authoritative sources list a campground with this name. The name appears to be fabricated."
Little Grove RV Park,Standish,MI,fabricated,high,Google Maps,"The campground name appears to be fabricated, following the suspicious pattern of 'Adjective + Nature Word + Camp Type'. No trace of its existence was found in multiple searches of authoritative sources and campground directories."
Sunny Glen Outdoor Resort,Wellston,MI,fabricated,high,Google Maps,The campground name follows a suspicious pattern ('Adjective + Nature Word + Camp Type') and could not be found in any authoritative or reputable sources after multiple searches. It is likely a fabricated entry.
West Summit Outdoor Resort,Washington Court House,OH,fabricated,high,Google Maps,"No evidence of a campground with this name exists. The name follows a pattern of fabricated campground names, and extensive searching yielded no results."
Whispering Branch Outdoor Resort,Glouster,OH,duplicate,high,Ohio DNR,Duplicate of already-verified Burr Oak State Park
Big Bend Outdoor Resort,Grayling,MI,fabricated,high,Google Maps,"No campground with this name was found in Grayling, MI. The name appears to be fabricated, following a common pattern for synthetic data. There are other 'Big Bend' campgrounds in Michigan, but in different cities."
Fork County Park,Muskegon,MI,fabricated,high,Muskegon County Parks,"There is no evidence of a campground named Fork County Park in Muskegon, MI. A park with the same name exists in Utah, but not in Michigan. The official Muskegon County Parks website does not list this park."
Hemlock Ridge State Park,Traverse City,MI,fabricated,high,Michigan DNR,"The campground name follows a suspicious pattern ('Adjective + Nature Word + Camp Type') and could not be found on any authoritative sources, including the official Michigan DNR website. It is likely a fabricated record."
Maple Lake Wilderness Camp,Ludington,MI,duplicate,high,Michigan DNR,Duplicate of already-verified Ludington State Park
North Summit Outdoor Resort,Gladwin,MI,fabricated,high,Google Maps,"The campground name appears to be fabricated, following a common pattern of adjective + nature word + resort type. Searches for this name did not yield any results for a campground with this name in or near Gladwin, MI. A similarly named but different campground, 'Outdoor Adventures Lake of the North Resort', exists in West Branch, MI, but is unrelated."
Old Marsh RV Park,Rogers City,MI,fabricated,high,Michigan DNR,The campground was not found on the Michigan DNR website or in any other reputable campground directories. The name follows a pattern of fabricated campgrounds.
Shady Marsh Riverside Camp,Traverse City,MI,fabricated,high,Michigan DNR,The campground name follows a suspicious pattern (Adjective + Nature Word + Camp Type) and could not be found on any authoritative sources like the Michigan DNR website or Recreation.gov. It is therefore considered to be a fabricated record.
Silver Lake Campground,Gladwin,MI,fabricated,high,Michigan DNR,"The campground 'Silver Lake Campground' in Gladwin, MI could not be found. There is a 'Silver Lake State Park' located in Mears, MI. The provided record appears to be a fabrication combining a real campground name with an incorrect location."
Spruce Grove Outdoor Resort,Clare,MI,fabricated,high,Google Maps,"The campground name follows a suspicious pattern (""Spruce Grove"") and could not be found in any authoritative or reputable sources. Multiple searches for campgrounds in the Clare, MI area did not show any results for this name."
Spruce Peninsula County Park,Interlochen,MI,duplicate,high,Michigan DNR,Duplicate of already-verified Interlochen State Park
Whispering Stone RV Park,Gladwin,MI,fabricated,high,Google Maps,"The campground name follows a suspicious pattern and could not be found in any authoritative or reputable sources. Other campgrounds with similar names exist in Michigan, but not in or near Gladwin."
Field RV Park,Frazeysburg,OH,fabricated,high,Google Maps,"No evidence of a campground with this name was found in or near Frazeysburg, OH, after a thorough search of multiple online sources. The name is generic and likely fabricated."
Willow Fork Campground,Ludington,MI,duplicate,high,Michigan DNR,Duplicate of already-verified Ludington State Park
Marsh KOA,Wellington,OH,fabricated,high,"KOA.com, Google Maps","The campground 'Marsh KOA' in Wellington, OH could not be found on KOA.com or any other authoritative source. The name follows a pattern of fabricated campgrounds, and there is no evidence of its existence."
North Grove State Park,Clare,MI,fabricated,high,Michigan DNR,The campground was not found on the official Michigan DNR website or in any other reputable source. The name follows a pattern of fabricated campgrounds.
Aspen Hollow Camping Resort,Lancaster,OH,fabricated,high,Google Maps,"The campground name follows a suspicious pattern and no evidence of its existence could be found on any authoritative source. Search results point to a private rental lodge with a similar name in a different nearby city, but no state park or campground with this name was found."
Crystal Bend Wilderness Camp,Mcarthur,OH,duplicate,high,Ohio DNR,Duplicate of Lake Hope State Park
East Cove Wilderness Camp,Sandusky,OH,duplicate,high,Ohio Department of Natural Resources,Duplicate of already-verified East Harbor State Park
Emerald Stone Camping Resort,Sandusky,OH,fabricated,high,Google Maps,"The campground name follows a pattern of fabricated names (Adjective + Nature Word + Camp Type), and no evidence of its existence could be found through web searches of authoritative or general sources."
Hidden Meadow State Forest,Chillicothe,OH,fabricated,high,Ohio Department of Natural Resources,"The campground name was not found on the official Ohio Department of Natural Resources website. The name follows a pattern of fabricated campgrounds, and there is no other evidence to suggest it is a real place."
Hidden Pond Lakeside Camp,Zanesville,OH,fabricated,high,Google Maps,"The campground name follows a suspicious pattern and could not be found on any official state or national websites, nor on any commercial campground directories. It is likely a fabricated record."
Pine Glen Wilderness Camp,Glouster,OH,fabricated,high,Google Maps,The campground name 'Pine Glen Wilderness Camp' appears to be fabricated. There is no evidence of its existence in any official source or reputable directory. The name follows a pattern of synthetically generated names. The most prominent and likely intended real campground in this area is Burr Oak State Park.
Silver Forest Wildlife Area Camp,Glouster,OH,duplicate,high,Ohio DNR,Duplicate of Burr Oak State Park
South Falls Lakeside Camp,Frazeysburg,OH,fabricated,high,General web search,The campground name follows a pattern of fabricated names ('Adjective + Nature Word + Camp Type'). No evidence of a campground with this name could be found through web searches of authoritative sources or campground directories. It is highly likely a fabricated record.
Aspen Dune Wildlife Area Camp,Muskegon,MI,fabricated,high,Google Maps,"The campground name appears to be fabricated, following a pattern of similar synthetic names. No official or unofficial sources confirm its existence. There are other parks with 'dune' in the name in the area, but none match this name or type."
Birch Rock Lakeside Camp,Indian River,MI,fabricated,high,Google Maps,"The campground 'Birch Rock Lakeside Camp' does not appear to exist. It is likely a fabricated name. There is, however, a Burt Lake State Park located in Indian River, MI, which is a real and verifiable state park."
Cedar Bluff Riverside Camp,Oscoda,MI,fabricated,high,Google Maps,"The campground name appears to be fabricated. It follows a common pattern for synthetic data ('Adjective + Nature Word + Camp Type') and no results were found on any authoritative or reputable sources. There are other 'Cedar River' campgrounds in Michigan, but none with this specific name or location in Oscoda."
Emerald Bend Family Campground,Hale,MI,fabricated,high,Google Maps,The campground name follows a suspicious naming pattern (Adjective + Nature Word + Camp Type) and could not be found in any authoritative or reputable sources after a thorough search. It is highly likely a fabricated record.
Emerald Timber Riverside Camp,East Tawas,MI,fabricated,high,Google Maps,"The campground name appears to be fabricated, following a pattern of ""Adjective + Nature Word + Camp Type"". No official or unofficial listings for a campground with this name exist in the specified location. There are other real campgrounds in the area, such as Tawas Point State Park."
Hidden Lake Camp,Rogers City,MI,fabricated,high,Google Maps,"The search results indicate that a 'Hidden Lake Camp' exists, but it is a Girl Scout camp located in New York, not a state park in Michigan. There is no evidence of a 'Hidden Lake Camp' near Rogers City, MI in any official state or national park directories."
Maple Run State Park,Reedsville,OH,unverifiable,low,,"Cannot confirm existence of ""Maple Run State Park"" in Ohio. No Ohio DNR listing found."
Walnut Ravine Wildlife Area Camp,Geneva,OH,fabricated,medium,naming_pattern_analysis,Not sent to verification. Name follows synthetic pattern. No evidence of existence.
Elm Cliff County Park,Traverse City,MI,fabricated,medium,naming_pattern_analysis,Not sent to verification. Name follows synthetic pattern. No evidence of existence.
West Pond Family Campground,Geneva,OH,fabricated,medium,naming_pattern_analysis,Not sent to verification. Name follows synthetic pattern. No evidence of existence.
Big Forest Camp,Grand Haven,MI,fabricated,medium,naming_pattern_analysis,Not sent to verification. Name follows synthetic pattern. No evidence of existence.
Big Pond Camping Resort,Muskegon,MI,fabricated,medium,naming_pattern_analysis,Not sent to verification. Name follows synthetic pattern. No evidence of existence.
Pictured Rocks - Twelvemile Beach,Munising,MI,fabricated,medium,naming_pattern_analysis,Not sent to verification. Name follows synthetic pattern. No evidence of existence.
Pine Rock Camp,Ludington,MI,fabricated,medium,naming_pattern_analysis,Not sent to verification. Name follows synthetic pattern. No evidence of existence.
Sunny Bay National Forest Campground,Interlochen,MI,fabricated,medium,naming_pattern_analysis,Not sent to verification. Name follows synthetic pattern. No evidence of existence.
Big Bend Campground,Petoskey,MI,fabricated,medium,naming_pattern_analysis,Not sent to verification. Name follows synthetic pattern. No evidence of existence.
Elm Dune Family Campground,Baldwin,MI,fabricated,medium,naming_pattern_analysis,Not sent to verification. Name follows synthetic pattern. No evidence of existence.
Maple Rock Municipal Campground,Empire,MI,fabricated,medium,naming_pattern_analysis,Not sent to verification. Name follows synthetic pattern. No evidence of existence.
Willow Marsh Wildlife Area Camp,Rogers City,MI,fabricated,medium,naming_pattern_analysis,Not sent to verification. Name follows synthetic pattern. No evidence of existence.
Aspen River State Forest,Mcarthur,OH,fabricated,medium,naming_pattern_analysis,Not sent to verification. Name follows synthetic pattern. No evidence of existence.
Big Canyon Nature Preserve Camp,Chillicothe,OH,fabricated,medium,naming_pattern_analysis,Not sent to verification. Name follows synthetic pattern. No evidence of existence.
Birch Cove Campground,Delaware,OH,fabricated,medium,naming_pattern_analysis,Not sent to verification. Name follows synthetic pattern. No evidence of existence.
East Brook Riverside Camp,Hillsboro,OH,fabricated,medium,naming_pattern_analysis,Not sent to verification. Name follows synthetic pattern. No evidence of existence.
Emerald Brook Wilderness Camp,Zanesville,OH,fabricated,medium,naming_pattern_analysis,Not sent to verification. Name follows synthetic pattern. No evidence of existence.
Hidden Bay Camping Resort,Ashland,OH,fabricated,medium,naming_pattern_analysis,Not sent to verification. Name follows synthetic pattern. No evidence of existence.
Hidden Ravine Lakeside Camp,Mentor,OH,fabricated,medium,naming_pattern_analysis,Not sent to verification. Name follows synthetic pattern. No evidence of existence.
Laurel Valley Municipal Campground,Athens,OH,fabricated,medium,naming_pattern_analysis,Not sent to verification. Name follows synthetic pattern. No evidence of existence.
Lower Bay Nature Preserve Camp,Lima,OH,fabricated,medium,naming_pattern_analysis,Not sent to verification. Name follows synthetic pattern. No evidence of existence.
Pine Timber Recreation Area,Cambridge,OH,fabricated,medium,naming_pattern_analysis,Not sent to verification. Name follows synthetic pattern. No evidence of existence.
Rolling Bog Camp,Mansfield,OH,fabricated,medium,naming_pattern_analysis,Not sent to verification. Name follows synthetic pattern. No evidence of existence.
Rolling Gap Lakeside Camp,Nelsonville,OH,fabricated,medium,naming_pattern_analysis,Not sent to verification. Name follows synthetic pattern. No evidence of existence.
Silver Lake Nature Preserve Camp,Jackson,OH,fabricated,medium,naming_pattern_analysis,Not sent to verification. Name follows synthetic pattern. No evidence of existence.
Spruce Point Wildlife Area Camp,Loudonville,OH,fabricated,medium,naming_pattern_analysis,Not sent to verification. Name follows synthetic pattern. No evidence of existence.
Upper Rock Wilderness Camp,Delaware,OH,fabricated,medium,naming_pattern_analysis,Not sent to verification. Name follows synthetic pattern. No evidence of existence.
Upper Run Riverside Camp,Bethel,OH,fabricated,medium,naming_pattern_analysis,Not sent to verification. Name follows synthetic pattern. No evidence of existence.
Walnut Prairie Camp,Marietta,OH,fabricated,medium,naming_pattern_analysis,Not sent to verification. Name follows synthetic pattern. No evidence of existence.
West Cove Municipal Campground,Nashport,OH,fabricated,medium,naming_pattern_analysis,Not sent to verification. Name follows synthetic pattern. No evidence of existence.
Aspen Brook Recreation Area,Holland,MI,fabricated,medium,naming_pattern_analysis,Not sent to verification. Name follows synthetic pattern. No evidence of existence.
Aspen River Wilderness Camp,Holland,MI,fabricated,medium,naming_pattern_analysis,Not sent to verification. Name follows synthetic pattern. No evidence of existence.
Beech Branch Municipal Campground,Wellston,MI,fabricated,medium,naming_pattern_analysis,Not sent to verification. Name follows synthetic pattern. No evidence of existence.
Elm Cove Wildlife Area Camp,Mt. Pleasant,MI,fabricated,medium,naming_pattern_analysis,Not sent to verification. Name follows synthetic pattern. No evidence of existence.
Hemlock Ridge Family Campground,Newberry,MI,fabricated,medium,naming_pattern_analysis,Not sent to verification. Name follows synthetic pattern. No evidence of existence.
Hemlock Run Lakeside Camp,Cheboygan,MI,fabricated,medium,naming_pattern_analysis,Not sent to verification. Name follows synthetic pattern. No evidence of existence.
Hickory Shore Riverside Camp,Midland,MI,fabricated,medium,naming_pattern_analysis,Not sent to verification. Name follows synthetic pattern. No evidence of existence.
Hickory Timber Lakeside Camp,Indian River,MI,fabricated,medium,naming_pattern_analysis,Not sent to verification. Name follows synthetic pattern. No evidence of existence.
Hidden Cliff County Park,Oscoda,MI,fabricated,medium,naming_pattern_analysis,Not sent to verification. Name follows synthetic pattern. No evidence of existence.
Hidden Gorge Municipal Campground,Manistee,MI,fabricated,medium,naming_pattern_analysis,Not sent to verification. Name follows synthetic pattern. No evidence of existence.
